-- phpMyAdmin SQL Dump
-- version 4.7.0
-- https://www.phpmyadmin.net/
--
-- Host: 127.0.0.1
-- Erstellungszeit: 04. Mai 2018 um 14:09
-- Server-Version: 10.1.25-MariaDB
-- PHP-Version: 7.1.7

SET SQL_MODE = "NO_AUTO_VALUE_ON_ZERO";
SET AUTOCOMMIT = 0;
START TRANSACTION;
SET time_zone = "+00:00";


/*!40101 SET @OLD_CHARACTER_SET_CLIENT=@@CHARACTER_SET_CLIENT */;
/*!40101 SET @OLD_CHARACTER_SET_RESULTS=@@CHARACTER_SET_RESULTS */;
/*!40101 SET @OLD_COLLATION_CONNECTION=@@COLLATION_CONNECTION */;
/*!40101 SET NAMES utf8mb4 */;

--
-- Datenbank: `bildgallerie`
--

CREATE DATABASE `bildgallerie`;
USE `bildgallerie`;

-- --------------------------------------------------------

--
-- Tabellenstruktur für Tabelle `gallery`
--

CREATE TABLE `gallery` (
  `id` int(11) NOT NULL,
  `name` varchar(30) NOT NULL,
  `fk_user` int(11) NOT NULL,
  `timestamp` timestamp NOT NULL DEFAULT CURRENT_TIMESTAMP,
  `enabled` tinyint(1) NOT NULL DEFAULT '1',
  `private` tinyint(1) NOT NULL DEFAULT '0',
  `fk_image` int(11) NOT NULL,
  `Views` int(11) NOT NULL DEFAULT '0'
) ENGINE=InnoDB DEFAULT CHARSET=utf8;

--
-- Daten für Tabelle `gallery`
--

INSERT INTO `gallery` (`id`, `name`, `fk_user`, `timestamp`, `enabled`, `private`, `fk_image`, `Views`) VALUES
(9, 'Sommer 2017', 4, '2018-05-04 11:27:52', 1, 0, 110, 11),
(10, 'TestGallery', 4, '2018-05-04 11:56:37', 1, 0, 243, 5);

-- --------------------------------------------------------

--
-- Tabellenstruktur für Tabelle `gallery_picture`
--

CREATE TABLE `gallery_picture` (
  `id` int(11) NOT NULL,
  `fk_gallery` int(11) NOT NULL,
  `fk_picture` int(11) NOT NULL
) ENGINE=InnoDB DEFAULT CHARSET=utf8;

--
-- Daten für Tabelle `gallery_picture`
--

INSERT INTO `gallery_picture` (`id`, `fk_gallery`, `fk_picture`) VALUES
(381, 9, 111),
(382, 9, 112),
(383, 9, 113),
(384, 9, 114),
(385, 9, 115),
(386, 9, 116),
(387, 9, 117),
(388, 9, 118),
(389, 9, 119),
(390, 9, 120),
(391, 9, 121),
(392, 9, 122),
(393, 9, 123),
(394, 9, 124),
(395, 9, 125),
(396, 9, 126),
(397, 9, 127),
(398, 9, 128),
(399, 9, 129),
(400, 9, 130),
(401, 9, 131),
(402, 9, 132),
(403, 9, 133),
(404, 9, 134),
(405, 9, 135),
(406, 9, 136),
(407, 9, 137),
(408, 9, 138),
(409, 9, 139),
(410, 9, 140),
(411, 9, 141),
(412, 9, 142),
(413, 9, 143),
(414, 9, 144),
(415, 9, 145),
(416, 9, 146),
(417, 9, 147),
(418, 9, 148),
(419, 9, 149),
(420, 9, 150),
(421, 9, 151),
(422, 9, 152),
(423, 9, 153),
(424, 9, 154),
(425, 9, 155),
(426, 9, 156),
(427, 9, 157),
(428, 9, 158),
(429, 9, 159),
(430, 9, 160),
(431, 9, 161),
(432, 9, 162),
(433, 9, 163),
(434, 9, 164),
(435, 9, 165),
(436, 9, 166),
(437, 9, 167),
(438, 9, 168),
(439, 9, 169),
(440, 9, 170),
(441, 9, 171),
(442, 9, 172),
(443, 9, 173),
(444, 9, 174),
(445, 9, 175),
(446, 9, 176),
(447, 9, 177),
(448, 9, 178),
(449, 9, 179),
(450, 9, 180),
(451, 9, 181),
(452, 9, 182),
(453, 9, 183),
(454, 9, 184),
(455, 9, 185),
(456, 9, 186),
(457, 9, 187),
(458, 9, 188),
(459, 9, 189),
(460, 9, 190),
(462, 9, 192),
(463, 9, 193),
(464, 9, 194),
(465, 9, 195),
(466, 9, 196),
(467, 9, 197),
(468, 9, 198),
(469, 9, 199),
(470, 9, 200),
(471, 9, 201),
(472, 9, 202),
(473, 9, 203),
(474, 9, 204),
(475, 9, 205),
(476, 9, 206),
(477, 9, 207),
(478, 9, 208),
(479, 9, 209),
(480, 9, 210),
(481, 9, 211),
(482, 9, 212),
(483, 9, 213),
(484, 9, 214),
(485, 9, 215),
(486, 9, 216),
(487, 9, 217),
(488, 9, 218),
(489, 9, 219),
(490, 9, 220),
(491, 9, 221),
(492, 9, 222);

-- --------------------------------------------------------

--
-- Tabellenstruktur für Tabelle `picture`
--

CREATE TABLE `picture` (
  `id` int(11) NOT NULL,
  `name` varchar(20) NOT NULL,
  `timestamp` timestamp NOT NULL DEFAULT CURRENT_TIMESTAMP ON UPDATE CURRENT_TIMESTAMP,
  `enabled` tinyint(1) NOT NULL DEFAULT '1',
  `fk_user` int(11) NOT NULL
) ENGINE=InnoDB DEFAULT CHARSET=utf8;

--
-- Daten für Tabelle `picture`
--

INSERT INTO `picture` (`id`, `name`, `timestamp`, `enabled`, `fk_user`) VALUES
(66, 'background.jpg', '2018-05-04 08:12:21', 0, 4),
(67, '1525421554.jpg', '2018-05-04 08:12:34', 1, 4),
(68, '1525421554.jpg', '2018-05-04 08:12:34', 1, 4),
(69, '1525421554.jpg', '2018-05-04 08:12:34', 1, 4),
(70, '1525421554.jpg', '2018-05-04 08:12:34', 1, 4),
(71, '1525421632.jpg', '2018-05-04 08:13:52', 1, 4),
(72, '1525421632.jpg', '2018-05-04 08:13:52', 1, 4),
(73, '1525421648.jpg', '2018-05-04 08:14:08', 1, 4),
(74, '1525421648.jpg', '2018-05-04 08:14:08', 1, 4),
(75, '152542170886394.jpg', '2018-05-04 08:15:08', 1, 4),
(76, '152542170812938.jpg', '2018-05-04 08:15:08', 1, 4),
(77, '152542172350185.jpg', '2018-05-04 08:15:23', 1, 4),
(78, '152542172393458.jpg', '2018-05-04 08:15:23', 1, 4),
(79, '152542174165469.jpg', '2018-05-04 08:15:41', 1, 4),
(80, '152542174168647.jpg', '2018-05-04 08:15:41', 1, 4),
(81, '152542175760690.jpg', '2018-05-04 08:15:57', 1, 4),
(82, '152542175796893.jpg', '2018-05-04 08:15:57', 1, 4),
(83, '152542177185028.jpg', '2018-05-04 08:16:11', 1, 4),
(84, '152542177134253.jpg', '2018-05-04 08:16:11', 1, 4),
(85, '152542177172092.jpg', '2018-05-04 08:16:11', 1, 4),
(86, '152542177147679.jpg', '2018-05-04 08:16:11', 1, 4),
(87, '152542177148484.jpg', '2018-05-04 08:16:11', 1, 4),
(88, '152542177174605.jpg', '2018-05-04 08:16:11', 1, 4),
(89, '152542177197354.jpg', '2018-05-04 08:16:11', 1, 4),
(90, '152542177199902.jpg', '2018-05-04 08:16:11', 1, 4),
(91, '152542177179465.jpg', '2018-05-04 08:16:11', 1, 4),
(92, '152542177171014.jpg', '2018-05-04 08:16:11', 1, 4),
(93, '152542177121191.jpg', '2018-05-04 08:16:11', 1, 4),
(94, '152542177139517.jpg', '2018-05-04 08:16:11', 1, 4),
(95, '152542177194060.jpg', '2018-05-04 08:16:11', 1, 4),
(96, '152542177126942.jpg', '2018-05-04 08:16:11', 1, 4),
(97, '152542177170691.jpg', '2018-05-04 08:16:11', 1, 4),
(98, '152542177160364.png', '2018-05-04 08:16:11', 1, 4),
(99, '152542177168932.png', '2018-05-04 08:16:11', 1, 4),
(100, '152542177156269.png', '2018-05-04 08:16:11', 1, 4),
(101, 'beth-solano-355831-u', '2018-05-04 11:15:28', 0, 4),
(102, 'beth-solano-355831-u', '2018-05-04 11:15:48', 0, 4),
(103, 'beth-solano-355831-u', '2018-05-04 11:16:37', 0, 4),
(104, '152543274966639', '2018-05-04 11:19:09', 0, 4),
(105, '152543281261382', '2018-05-04 11:20:12', 0, 4),
(106, '../PICTURES/15254329', '2018-05-04 11:21:50', 0, 4),
(107, '152543305110122.jpg', '2018-05-04 11:26:38', 1, 4),
(108, '152543322026087.jpg', '2018-05-04 11:27:00', 1, 4),
(109, '152543324872554.jpg', '2018-05-04 11:27:28', 1, 4),
(110, '152543327247835.jpg', '2018-05-04 11:27:52', 1, 4),
(111, '152543332094938.jpg', '2018-05-04 11:28:40', 1, 4),
(112, '152543332059974.jpg', '2018-05-04 11:28:40', 1, 4),
(113, '152543332064015.jpg', '2018-05-04 11:28:40', 1, 4),
(114, '152543332063882.jpg', '2018-05-04 11:28:40', 1, 4),
(115, '152543332084377.jpg', '2018-05-04 11:28:40', 1, 4),
(116, '152543332017298.jpg', '2018-05-04 11:28:40', 1, 4),
(117, '152543332025352.jpg', '2018-05-04 11:28:40', 1, 4),
(118, '152543332091122.jpg', '2018-05-04 11:28:40', 1, 4),
(119, '152543332044535.jpg', '2018-05-04 11:28:40', 1, 4),
(120, '152543332090515.jpg', '2018-05-04 11:28:40', 1, 4),
(121, '152543332022897.jpg', '2018-05-04 11:28:40', 1, 4),
(122, '152543332029831.jpg', '2018-05-04 11:28:40', 1, 4),
(123, '152543332082514.jpg', '2018-05-04 11:28:40', 1, 4),
(124, '152543332022991.jpg', '2018-05-04 11:28:40', 1, 4),
(125, '152543332071952.jpg', '2018-05-04 11:28:40', 1, 4),
(126, '152543332093346.jpg', '2018-05-04 11:28:40', 1, 4),
(127, '152543333329610.jpg', '2018-05-04 11:28:53', 1, 4),
(128, '152543333316185.jpg', '2018-05-04 11:28:53', 1, 4),
(129, '152543333331073.jpg', '2018-05-04 11:28:53', 1, 4),
(130, '152543333311448.jpg', '2018-05-04 11:28:53', 1, 4),
(131, '152543333356585.jpg', '2018-05-04 11:28:53', 1, 4),
(132, '152543333318254.jpg', '2018-05-04 11:28:53', 1, 4),
(133, '152543333368967.jpg', '2018-05-04 11:28:53', 1, 4),
(134, '152543333397409.jpg', '2018-05-04 11:28:53', 1, 4),
(135, '152543333385045.jpg', '2018-05-04 11:28:53', 1, 4),
(136, '152543333390031.jpg', '2018-05-04 11:28:53', 1, 4),
(137, '152543333394618.jpg', '2018-05-04 11:28:53', 1, 4),
(138, '152543333364988.jpg', '2018-05-04 11:28:53', 1, 4),
(139, '152543333332415.jpg', '2018-05-04 11:28:53', 1, 4),
(140, '152543333316458.jpg', '2018-05-04 11:28:53', 1, 4),
(141, '152543333358252.jpg', '2018-05-04 11:28:53', 1, 4),
(142, '152543333347375.jpg', '2018-05-04 11:28:53', 1, 4),
(143, '152543333318804.jpg', '2018-05-04 11:28:53', 1, 4),
(144, '152543333349451.jpg', '2018-05-04 11:28:53', 1, 4),
(145, '152543333354701.jpg', '2018-05-04 11:28:53', 1, 4),
(146, '152543333337114.jpg', '2018-05-04 11:28:53', 1, 4),
(147, '152543336836789.jpg', '2018-05-04 11:29:28', 1, 4),
(148, '152543336880561.jpg', '2018-05-04 11:29:28', 1, 4),
(149, '152543336867554.jpg', '2018-05-04 11:29:28', 1, 4),
(150, '152543336821013.jpg', '2018-05-04 11:29:28', 1, 4),
(151, '152543336890243.jpg', '2018-05-04 11:29:28', 1, 4),
(152, '152543336852520.jpg', '2018-05-04 11:29:28', 1, 4),
(153, '152543336884429.jpg', '2018-05-04 11:29:28', 1, 4),
(154, '152543336837530.jpg', '2018-05-04 11:29:28', 1, 4),
(155, '152543336878439.jpg', '2018-05-04 11:29:28', 1, 4),
(156, '152543336874550.jpg', '2018-05-04 11:29:28', 1, 4),
(157, '152543336853960.jpg', '2018-05-04 11:29:28', 1, 4),
(158, '152543336862102.jpg', '2018-05-04 11:29:28', 1, 4),
(159, '152543336842501.jpg', '2018-05-04 11:29:28', 1, 4),
(160, '152543336855209.jpg', '2018-05-04 11:29:28', 1, 4),
(161, '152543336815774.jpg', '2018-05-04 11:29:28', 1, 4),
(162, '152543336839615.jpg', '2018-05-04 11:29:28', 1, 4),
(163, '152543338130071.jpg', '2018-05-04 11:29:41', 1, 4),
(164, '152543338146595.jpg', '2018-05-04 11:29:41', 1, 4),
(165, '152543338113704.jpg', '2018-05-04 11:29:41', 1, 4),
(166, '152543338162295.jpg', '2018-05-04 11:29:41', 1, 4),
(167, '152543338174909.jpg', '2018-05-04 11:29:41', 1, 4),
(168, '152543338113439.jpg', '2018-05-04 11:29:41', 1, 4),
(169, '152543338133701.jpg', '2018-05-04 11:29:41', 1, 4),
(170, '152543338196133.jpg', '2018-05-04 11:29:41', 1, 4),
(171, '152543338124482.jpg', '2018-05-04 11:29:41', 1, 4),
(172, '152543338151597.jpg', '2018-05-04 11:29:41', 1, 4),
(173, '152543338183128.jpg', '2018-05-04 11:29:41', 1, 4),
(174, '152543338161502.jpg', '2018-05-04 11:29:41', 1, 4),
(175, '152543338168906.jpg', '2018-05-04 11:29:41', 1, 4),
(176, '152543338153485.jpg', '2018-05-04 11:29:41', 1, 4),
(177, '152543338136141.jpg', '2018-05-04 11:29:41', 1, 4),
(178, '152543338171533.jpg', '2018-05-04 11:29:41', 1, 4),
(179, '152543338139859.jpg', '2018-05-04 11:29:41', 1, 4),
(180, '152543338110720.jpg', '2018-05-04 11:29:41', 1, 4),
(181, '152543338169513.jpg', '2018-05-04 11:29:41', 1, 4),
(182, '152543338144527.jpg', '2018-05-04 11:29:41', 1, 4),
(183, '152543339531885.jpg', '2018-05-04 11:29:55', 1, 4),
(184, '152543339595876.jpg', '2018-05-04 11:29:55', 1, 4),
(185, '152543339511330.jpg', '2018-05-04 11:29:55', 1, 4),
(186, '152543339532939.jpg', '2018-05-04 11:29:55', 1, 4),
(187, '152543339514207.jpg', '2018-05-04 11:29:55', 1, 4),
(188, '152543339546195.jpg', '2018-05-04 11:29:55', 1, 4),
(189, '152543339565787.jpg', '2018-05-04 11:29:55', 1, 4),
(190, '152543339574668.jpg', '2018-05-04 11:29:55', 1, 4),
(191, '152543339572465.jpg', '2018-05-04 11:29:55', 1, 4),
(192, '152543339536532.jpg', '2018-05-04 11:29:55', 1, 4),
(193, '152543339560891.jpg', '2018-05-04 11:29:55', 1, 4),
(194, '152543339559949.jpg', '2018-05-04 11:29:55', 1, 4),
(195, '152543339595371.jpg', '2018-05-04 11:29:55', 1, 4),
(196, '152543339516861.jpg', '2018-05-04 11:29:55', 1, 4),
(197, '152543339594955.jpg', '2018-05-04 11:29:55', 1, 4),
(198, '152543339548911.jpg', '2018-05-04 11:29:55', 1, 4),
(199, '152543339580581.jpg', '2018-05-04 11:29:55', 1, 4),
(200, '152543339578069.jpg', '2018-05-04 11:29:55', 1, 4),
(201, '152543339573749.jpg', '2018-05-04 11:29:55', 1, 4),
(202, '152543339595038.jpg', '2018-05-04 11:29:55', 1, 4),
(203, '152543342464427.jpg', '2018-05-04 11:30:24', 1, 4),
(204, '152543342424735.jpg', '2018-05-04 11:30:24', 1, 4),
(205, '152543342464812.jpg', '2018-05-04 11:30:24', 1, 4),
(206, '152543342422122.jpg', '2018-05-04 11:30:24', 1, 4),
(207, '152543342486420.jpg', '2018-05-04 11:30:24', 1, 4),
(208, '152543342468158.jpg', '2018-05-04 11:30:24', 1, 4),
(209, '152543342422779.jpg', '2018-05-04 11:30:24', 1, 4),
(210, '152543342464445.jpg', '2018-05-04 11:30:24', 1, 4),
(211, '152543342439332.jpg', '2018-05-04 11:30:24', 1, 4),
(212, '152543342425186.jpg', '2018-05-04 11:30:24', 1, 4),
(213, '152543342477420.jpg', '2018-05-04 11:30:24', 1, 4),
(214, '152543342479685.jpg', '2018-05-04 11:30:24', 1, 4),
(215, '152543342423436.jpg', '2018-05-04 11:30:24', 1, 4),
(216, '152543342411509.jpg', '2018-05-04 11:30:24', 1, 4),
(217, '152543342479233.jpg', '2018-05-04 11:30:24', 1, 4),
(218, '152543342454774.jpg', '2018-05-04 11:30:24', 1, 4),
(219, '152543342414491.jpg', '2018-05-04 11:30:24', 1, 4),
(220, '152543342448371.jpg', '2018-05-04 11:30:24', 1, 4),
(221, '152543342498476.jpg', '2018-05-04 11:30:24', 1, 4),
(222, '152543342422150.jpg', '2018-05-04 11:30:24', 1, 4),
(223, '152543407553036.jpg', '2018-05-04 11:41:15', 1, 4),
(224, '152543407512892.jpg', '2018-05-04 11:41:15', 1, 4),
(225, '152543407522922.jpg', '2018-05-04 11:41:15', 1, 4),
(226, '152543407551217.jpg', '2018-05-04 11:41:15', 1, 4),
(227, '152543407535137.jpg', '2018-05-04 11:41:15', 1, 4),
(228, '152543407538205.jpg', '2018-05-04 11:41:15', 1, 4),
(229, '152543407596454.jpg', '2018-05-04 11:41:15', 1, 4),
(230, '152543407566558.jpg', '2018-05-04 11:41:15', 1, 4),
(231, '152543407569587.jpg', '2018-05-04 11:41:15', 1, 4),
(232, '152543407577459.jpg', '2018-05-04 11:41:15', 1, 4),
(233, '152543407534120.jpg', '2018-05-04 11:41:15', 1, 4),
(234, '152543407570124.jpg', '2018-05-04 11:41:15', 1, 4),
(235, '152543407564259.jpg', '2018-05-04 11:41:15', 1, 4),
(236, '152543407524049.jpg', '2018-05-04 11:41:15', 1, 4),
(237, '152543407569619.jpg', '2018-05-04 11:41:15', 1, 4),
(238, '152543407512631.jpg', '2018-05-04 11:41:15', 1, 4),
(239, '152543407522764.jpg', '2018-05-04 11:41:15', 1, 4),
(240, '152543407518244.jpg', '2018-05-04 11:41:15', 1, 4),
(241, '152543407517911.jpg', '2018-05-04 11:41:15', 1, 4),
(242, '152543407531954.jpg', '2018-05-04 11:41:15', 1, 4),
(243, '152543499738885.jpg', '2018-05-04 11:56:37', 1, 4);

-- --------------------------------------------------------

--
-- Tabellenstruktur für Tabelle `picture_tags`
--

CREATE TABLE `picture_tags` (
  `fk_picture` int(11) NOT NULL,
  `fk_tag` int(11) NOT NULL
) ENGINE=InnoDB DEFAULT CHARSET=utf8;

-- --------------------------------------------------------

--
-- Tabellenstruktur für Tabelle `tags`
--

CREATE TABLE `tags` (
  `id` int(11) NOT NULL,
  `name` varchar(20) NOT NULL,
  `timestamp` timestamp NOT NULL DEFAULT CURRENT_TIMESTAMP ON UPDATE CURRENT_TIMESTAMP,
  `enabled` tinyint(1) NOT NULL,
  `fk_user` int(11) NOT NULL
) ENGINE=InnoDB DEFAULT CHARSET=utf8;

-- --------------------------------------------------------

--
-- Tabellenstruktur für Tabelle `user`
--

CREATE TABLE `user` (
  `id` int(11) NOT NULL,
  `username` varchar(30) NOT NULL,
  `email` varchar(100) NOT NULL,
  `password` varchar(100) NOT NULL,
  `timestamp` timestamp NOT NULL DEFAULT CURRENT_TIMESTAMP,
  `enabled` tinyint(1) NOT NULL DEFAULT '0'
) ENGINE=InnoDB DEFAULT CHARSET=utf8;

--
-- Daten für Tabelle `user`
--

INSERT INTO `user` (`id`, `username`, `email`, `password`, `timestamp`, `enabled`) VALUES
(3, 'robin', 'robin@furrer.ch', 'testpw', '2018-05-02 14:52:30', 1),
(4, 'r00oobin', 'robin.furrer2000@gmail.com', 'testpw123', '2018-05-03 07:03:55', 1);

--
-- Indizes der exportierten Tabellen
--

--
-- Indizes für die Tabelle `gallery`
--
ALTER TABLE `gallery`
  ADD PRIMARY KEY (`id`),
  ADD KEY `fk_user` (`fk_user`);

--
-- Indizes für die Tabelle `gallery_picture`
--
ALTER TABLE `gallery_picture`
  ADD PRIMARY KEY (`id`),
  ADD KEY `fk_gallery` (`fk_gallery`),
  ADD KEY `fk_picture` (`fk_picture`);

--
-- Indizes für die Tabelle `picture`
--
ALTER TABLE `picture`
  ADD PRIMARY KEY (`id`),
  ADD KEY `fk_user` (`fk_user`);

--
-- Indizes für die Tabelle `picture_tags`
--
ALTER TABLE `picture_tags`
  ADD KEY `fk_picture` (`fk_picture`),
  ADD KEY `fk_tag` (`fk_tag`);

--
-- Indizes für die Tabelle `tags`
--
ALTER TABLE `tags`
  ADD PRIMARY KEY (`id`),
  ADD KEY `fk_user` (`fk_user`);

--
-- Indizes für die Tabelle `user`
--
ALTER TABLE `user`
  ADD PRIMARY KEY (`id`);

--
-- AUTO_INCREMENT für exportierte Tabellen
--

--
-- AUTO_INCREMENT für Tabelle `gallery`
--
ALTER TABLE `gallery`
  MODIFY `id` int(11) NOT NULL AUTO_INCREMENT, AUTO_INCREMENT=11;
--
-- AUTO_INCREMENT für Tabelle `gallery_picture`
--
ALTER TABLE `gallery_picture`
  MODIFY `id` int(11) NOT NULL AUTO_INCREMENT, AUTO_INCREMENT=513;
--
-- AUTO_INCREMENT für Tabelle `picture`
--
ALTER TABLE `picture`
  MODIFY `id` int(11) NOT NULL AUTO_INCREMENT, AUTO_INCREMENT=244;
--
-- AUTO_INCREMENT für Tabelle `user`
--
ALTER TABLE `user`
  MODIFY `id` int(11) NOT NULL AUTO_INCREMENT, AUTO_INCREMENT=5;
--
-- Constraints der exportierten Tabellen
--

--
-- Constraints der Tabelle `gallery`
--
ALTER TABLE `gallery`
  ADD CONSTRAINT `gallery_ibfk_1` FOREIGN KEY (`fk_user`) REFERENCES `user` (`id`);

--
-- Constraints der Tabelle `gallery_picture`
--
ALTER TABLE `gallery_picture`
  ADD CONSTRAINT `gallery_picture_ibfk_1` FOREIGN KEY (`fk_picture`) REFERENCES `picture` (`id`),
  ADD CONSTRAINT `gallery_picture_ibfk_2` FOREIGN KEY (`fk_gallery`) REFERENCES `gallery` (`id`);

--
-- Constraints der Tabelle `picture`
--
ALTER TABLE `picture`
  ADD CONSTRAINT `picture_ibfk_1` FOREIGN KEY (`fk_user`) REFERENCES `user` (`id`);

--
-- Constraints der Tabelle `picture_tags`
--
ALTER TABLE `picture_tags`
  ADD CONSTRAINT `picture_tags_ibfk_1` FOREIGN KEY (`fk_picture`) REFERENCES `picture` (`id`),
  ADD CONSTRAINT `picture_tags_ibfk_2` FOREIGN KEY (`fk_tag`) REFERENCES `tags` (`id`);

--
-- Constraints der Tabelle `tags`
--
ALTER TABLE `tags`
  ADD CONSTRAINT `tags_ibfk_1` FOREIGN KEY (`fk_user`) REFERENCES `user` (`id`);
COMMIT;

/*!40101 SET CHARACTER_SET_CLIENT=@OLD_CHARACTER_SET_CLIENT */;
/*!40101 SET CHARACTER_SET_RESULTS=@OLD_CHARACTER_SET_RESULTS */;
/*!40101 SET COLLATION_CONNECTION=@OLD_COLLATION_CONNECTION */;
